url,rarity,name,display_name,club,overall,price,original_price,position,vers_img,pace,shooting,passing,nation_img,league_img,club_img,player_img
https://www.fut.gg//players/241667-aitana-bonmati/24-84127747/,Team of the Year,Aitana Bonmat√≠ Conca,Aitana,FC Barcelona,97,"4,331,000","4,331,000",CM,https://game-assets.fut.gg/2024/rarities/5_e_0.png?quality=100&width=500,90,91,91,https://game-assets.fut.gg/2024/nations/45.png?quality=100&width=80,https://game-assets.fut.gg/2024/leagues/2222.png?quality=100&width=80,https://game-assets.fut.gg/2024/clubs/116325.png?quality=100&width=80,https://game-assets.fut.gg/2024/players/84127747.png?quality=100&width=500
https://www.fut.gg//players/231747-kylian-mbappe/24-134449475/,Team of the Year,Kylian Mbapp√©,Mbappe,Paris SG,97,"15,000,000","15,000,000",ST,https://game-assets.fut.gg/2024/rarities/5_e_0.png?quality=100&width=500,99,96,88,https://game-assets.fut.gg/2024/nations/18.png?quality=100&width=80,https://game-assets.fut.gg/2024/leagues/16.png?quality=100&width=80,https://game-assets.fut.gg/2024/clubs/73.png?quality=100&width=80,https://game-assets.fut.gg/2024/players/134449475.png?quality=100&width=500
https://www.fut.gg//players/239085-erling-haaland/24-117679597/,Team of the Year,Erling Haaland,Haaland,Manchester City,97,"10,470,000","10,470,000",ST,https://game-assets.fut.gg/2024/rarities/5_e_0.png?quality=100&width=500,96,98,80,https://game-assets.fut.gg/2024/nations/36.png?quality=100&width=80,https://game-assets.fut.gg/2024/leagues/13.1.png?quality=100&width=80,https://game-assets.fut.gg/2024/clubs/10.png?quality=100&width=80,https://game-assets.fut.gg/2024/players/117679597.png?quality=100&width=500
https://www.fut.gg//players/158023-lionel-messi/24-67266887/,Team of the Year,Lionel Messi,Messi,Inter Miami CF,97,"9,151,000","9,151,000",CF,https://game-assets.fut.gg/2024/rarities/5_e_0.png?quality=100&width=500,91,96,97,https://game-assets.fut.gg/2024/nations/52.png?quality=100&width=80,https://game-assets.fut.gg/2024/leagues/39.png?quality=100&width=80,https://game-assets.fut.gg/2024/clubs/112893.png?quality=100&width=80,https://game-assets.fut.gg/2024/players/67266887.png?quality=100&width=500
https://www.fut.gg//players/203376-virgil-van-dijk/24-117643888/,Team of the Year,Virgil van Dijk,Van Dijk,Liverpool,96,"14,999,000","14,999,000",CB,https://game-assets.fut.gg/2024/rarities/5_e_0.png?quality=100&width=500,88,68,82,https://game-assets.fut.gg/2024/nations/34.png?quality=100&width=80,https://game-assets.fut.gg/2024/leagues/13.1.png?quality=100&width=80,https://game-assets.fut.gg/2024/clubs/9.png?quality=100&width=80,https://game-assets.fut.gg/2024/players/117643888.3.png?quality=100&width=500
https://www.fut.gg//players/227203-alexia-putellas/24-84113283/,Team of the Year,Alexia Putellas Segura,Putellas,FC Barcelona,96,"7,850,000","7,850,000",CM,https://game-assets.fut.gg/2024/rarities/5_e_0.png?quality=100&width=500,90,95,96,https://game-assets.fut.gg/2024/nations/45.png?quality=100&width=80,https://game-assets.fut.gg/2024/leagues/2222.png?quality=100&width=80,https://game-assets.fut.gg/2024/clubs/116325.png?quality=100&width=80,https://game-assets.fut.gg/2024/players/84113283.1.png?quality=100&width=500
https://www.fut.gg//players/192985-kevin-de-bruyne/24-84079065/,Team of the Year,Kevin De Bruyne,De Bruyne,Manchester City,96,"3,450,000","3,450,000",CM,https://game-assets.fut.gg/2024/rarities/5_e_0.png?quality=100&width=500,85,93,98,https://game-assets.fut.gg/2024/nations/7.png?quality=100&width=80,https://game-assets.fut.gg/2024/leagues/13.1.png?quality=100&width=80,https://game-assets.fut.gg/2024/clubs/10.png?quality=100&width=80,https://game-assets.fut.gg/2024/players/84079065.png?quality=100&width=500
https://www.fut.gg//players/252371-jude-bellingham/24-117692883/,Team of the Year,Jude Bellingham,Bellingham,Real Madrid,96,"7,200,000","7,200,000",CM,https://game-assets.fut.gg/2024/rarities/5_e_0.png?quality=100&width=500,90,88,90,https://game-assets.fut.gg/2024/nations/14.png?quality=100&width=80,https://game-assets.fut.gg/2024/leagues/53.1.png?quality=100&width=80,https://game-assets.fut.gg/2024/clubs/243.png?quality=100&width=80,https://game-assets.fut.gg/2024/players/117692883.png?quality=100&width=500
https://www.fut.gg//players/227125-samantha-may-kerr/24-84113205/,Team of the Year,Samantha May Kerr,Kerr,Chelsea,96,"1,685,000","1,685,000",ST,https://game-assets.fut.gg/2024/rarities/5_e_0.png?quality=100&width=500,92,94,84,https://game-assets.fut.gg/2024/nations/195.png?quality=100&width=80,https://game-assets.fut.gg/2024/leagues/2216.png?quality=100&width=80,https://game-assets.fut.gg/2024/clubs/116010.png?quality=100&width=80,https://game-assets.fut.gg/2024/players/84113205.png?quality=100&width=500
https://www.fut.gg//players/237067-pele/24-50568715/,Winter Wildcards ICON,Edson Arantes Nascimento,Nascimento,Icon,96,"5,740,000","5,740,000",ST,https://game-assets.fut.gg/2024/rarities/35_e_0.png?quality=100&width=500,94,95,90,https://game-assets.fut.gg/2024/nations/54.png?quality=100&width=80,https://game-assets.fut.gg/2024/leagues/2118.png?quality=100&width=80,,https://game-assets.fut.gg/2024/players/50568715.png?quality=100&width=500
https://www.fut.gg//players/238395-ronaldinho/24-50570043/,Future Stars ICON,Ronaldo de Assis Moreira,Ronaldo,Icon,95,"14,300,000","14,300,000",CAM,https://game-assets.fut.gg/2024/rarities/170_e_0.png?quality=100&width=500,94,91,94,https://game-assets.fut.gg/2024/nations/54.png?quality=100&width=80,https://game-assets.fut.gg/2024/leagues/2118.png?quality=100&width=80,,https://game-assets.fut.gg/2024/players/50570043.png?quality=100&width=500
https://www.fut.gg//players/20801-cristiano-ronaldo/24-83906881/,Team of the Year,C. Ronaldo dos Santos Aveiro,Ronaldo,Al Nassr,95,"12,475,000","12,475,000",ST,https://game-assets.fut.gg/2024/rarities/5_e_0.png?quality=100&width=500,92,97,85,https://game-assets.fut.gg/2024/nations/38.png?quality=100&width=80,https://game-assets.fut.gg/2024/leagues/350.png?quality=100&width=80,https://game-assets.fut.gg/2024/clubs/112139.png?quality=100&width=80,https://game-assets.fut.gg/2024/players/83906881.png?quality=100&width=500
https://www.fut.gg//players/227316-wendie-renard/24-100890612/,Team of the Year,Wendie Renard,Renard,OL,95,"2,695,000","2,695,000",CB,https://game-assets.fut.gg/2024/rarities/5_e_0.png?quality=100&width=500,87,76,80,https://game-assets.fut.gg/2024/nations/18.png?quality=100&width=80,https://game-assets.fut.gg/2024/leagues/2218.png?quality=100&width=80,https://game-assets.fut.gg/2024/clubs/116033.png?quality=100&width=80,https://game-assets.fut.gg/2024/players/100890612.3.png?quality=100&width=500
https://www.fut.gg//players/253436-ona-batlle/24-50585084/,Team of the Year,Ona Batlle,Batlle,FC Barcelona,95,"1,900,000","1,900,000",RB,https://game-assets.fut.gg/2024/rarities/5_e_0.png?quality=100&width=500,95,80,87,https://game-assets.fut.gg/2024/nations/45.png?quality=100&width=80,https://game-assets.fut.gg/2024/leagues/2222.png?quality=100&width=80,https://game-assets.fut.gg/2024/clubs/116325.png?quality=100&width=80,https://game-assets.fut.gg/2024/players/50585084.5.png?quality=100&width=500
https://www.fut.gg//players/212831-alisson/24-67321695/,Team of the Year,Alisson Ramses Becker,Alisson,Liverpool,95,"668,000","668,000",GK,https://game-assets.fut.gg/2024/rarities/5_e_0.png?quality=100&width=500,63,93,92,https://game-assets.fut.gg/2024/nations/54.png?quality=100&width=80,https://game-assets.fut.gg/2024/leagues/13.1.png?quality=100&width=80,https://game-assets.fut.gg/2024/clubs/9.png?quality=100&width=80,https://game-assets.fut.gg/2024/players/67321695.3.png?quality=100&width=500
https://www.fut.gg//players/275243-mia-hamm/24-50606891/,TOTY ICON,Mia Hamm,Hamm,Icon,95,"11,300,000","11,300,000",ST,https://game-assets.fut.gg/2024/rarities/155_e_0.png?quality=100&width=500,94,95,88,https://game-assets.fut.gg/2024/nations/95.png?quality=100&width=80,https://game-assets.fut.gg/2024/leagues/2118.png?quality=100&width=80,,https://game-assets.fut.gg/2024/players/50606891.3.png?quality=100&width=500
https://www.fut.gg//players/264012-sophia-smith/24-67372876/,Team of the Year,Sophia Smith,Smith,Portland Thorns,95,"2,450,000","2,450,000",ST,https://game-assets.fut.gg/2024/rarities/5_e_0.png?quality=100&width=500,97,92,88,https://game-assets.fut.gg/2024/nations/95.png?quality=100&width=80,https://game-assets.fut.gg/2024/leagues/2221.png?quality=100&width=80,https://game-assets.fut.gg/2024/clubs/116302.png?quality=100&width=80,https://game-assets.fut.gg/2024/players/67372876.png?quality=100&width=500
https://www.fut.gg//players/37576-ronaldo/24-50369224/,TOTY ICON,Ronaldo Lu√≠s Naz√°rio de Lima,Ronaldo,Icon,95,"15,000,000","15,000,000",ST,https://game-assets.fut.gg/2024/rarities/155_e_0.png?quality=100&width=500,95,95,81,https://game-assets.fut.gg/2024/nations/54.png?quality=100&width=80,https://game-assets.fut.gg/2024/leagues/2118.png?quality=100&width=80,,https://game-assets.fut.gg/2024/players/50369224.png?quality=100&width=500
https://www.fut.gg//players/1397-zinedine-zidane/24-50333045/,Ultimate Dynasties ICON,Zinedine Zidane,Zidane,Icon,95,"2,979,000","2,979,000",CAM,https://game-assets.fut.gg/2024/rarities/85_e_0.png?quality=100&width=500,84,91,95,https://game-assets.fut.gg/2024/nations/18.png?quality=100&width=80,https://game-assets.fut.gg/2024/leagues/2118.png?quality=100&width=80,,https://game-assets.fut.gg/2024/players/50333045.png?quality=100&width=500
https://www.fut.gg//players/190045-johan-cruyff/24-50521693/,Thunderstruck ICON,Johan Cruyff,Cruyff,Icon,95,"6,423,000","6,423,000",CF,https://game-assets.fut.gg/2024/rarities/157_e_0.png?quality=100&width=500,92,93,92,https://game-assets.fut.gg/2024/nations/34.png?quality=100&width=80,https://game-assets.fut.gg/2024/leagues/2118.png?quality=100&width=80,,https://www.fut.gg//players/190045-johan-cruyff/24-50521693/
https://www.fut.gg//players/1109-paolo-maldini/24-50332757/,Future Stars ICON,Paolo Maldini,Maldini,Icon,94,"5,700,000","5,700,000",CB,https://game-assets.fut.gg/2024/rarities/170_e_0.png?quality=100&width=500,89,57,78,https://game-assets.fut.gg/2024/nations/27.png?quality=100&width=80,https://game-assets.fut.gg/2024/leagues/2118.png?quality=100&width=80,,https://game-assets.fut.gg/2024/players/50332757.png?quality=100&width=500
https://www.fut.gg//players/253149-jeremie-frimpong/24-134470877/,Team of the Year,Jeremie Frimpong,Frimpong,Leverkusen,94,"3,470,000","3,470,000",RWB,https://game-assets.fut.gg/2024/rarities/5_e_0.png?quality=100&width=500,99,80,89,https://game-assets.fut.gg/2024/nations/34.png?quality=100&width=80,https://game-assets.fut.gg/2024/leagues/19.png?quality=100&width=80,https://game-assets.fut.gg/2024/clubs/32.png?quality=100&width=80,https://game-assets.fut.gg/2024/players/134470877.4.png?quality=100&width=500
https://www.fut.gg//players/232656-theo-hernandez/24-100895952/,Team of the Year,Theo Hern√°ndez,Hernandez,Milan,94,"5,150,000","5,150,000",LB,https://game-assets.fut.gg/2024/rarities/5_e_0.png?quality=100&width=500,98,82,87,https://game-assets.fut.gg/2024/nations/18.png?quality=100&width=80,https://game-assets.fut.gg/2024/leagues/31.png?quality=100&width=80,https://game-assets.fut.gg/2024/clubs/47.png?quality=100&width=80,https://game-assets.fut.gg/2024/players/100895952.3.png?quality=100&width=500
https://www.fut.gg//players/238257-millie-bright/24-67347121/,Team of the Year,Millie Bright,Bright,Chelsea,94,"733,000","733,000",CB,https://game-assets.fut.gg/2024/rarities/5_e_0.png?quality=100&width=500,85,80,84,https://game-assets.fut.gg/2024/nations/14.png?quality=100&width=80,https://game-assets.fut.gg/2024/leagues/2216.png?quality=100&width=80,https://game-assets.fut.gg/2024/clubs/116010.png?quality=100&width=80,https://game-assets.fut.gg/2024/players/67347121.3.png?quality=100&width=500
https://www.fut.gg//players/247504-mary-earps/24-50579152/,Team of the Year,Mary Earps,Earps,Manchester Utd,94,"159,000","159,000",GK,https://game-assets.fut.gg/2024/rarities/5_e_0.png?quality=100&width=500,50,91,91,https://game-assets.fut.gg/2024/nations/14.png?quality=100&width=80,https://game-assets.fut.gg/2024/leagues/2216.png?quality=100&width=80,https://game-assets.fut.gg/2024/clubs/116012.png?quality=100&width=80,https://game-assets.fut.gg/2024/players/50579152.3.png?quality=100&width=500
https://www.fut.gg//players/254642-ferenc-puskas/24-50586290/,Thunderstruck ICON,Ferenc Pusk√°s,Puskas,Icon,94,"2,580,000","2,580,000",CF,https://game-assets.fut.gg/2024/rarities/157_e_0.png?quality=100&width=500,92,96,92,https://game-assets.fut.gg/2024/nations/23.png?quality=100&width=80,https://game-assets.fut.gg/2024/leagues/2118.png?quality=100&width=80,,https://game-assets.fut.gg/2024/players/50586290.2.png?quality=100&width=500
https://www.fut.gg//players/190048-gerd-muller/24-50521696/,Thunderstruck ICON,Gerd M√ºller,Muller,Icon,94,"1,170,000","1,170,000",ST,https://game-assets.fut.gg/2024/rarities/157_e_0.png?quality=100&width=500,89,95,78,https://game-assets.fut.gg/2024/nations/21.png?quality=100&width=80,https://game-assets.fut.gg/2024/leagues/2118.png?quality=100&width=80,,https://game-assets.fut.gg/2024/players/50521696.4.png?quality=100&width=500
https://www.fut.gg//players/188545-robert-lewandowski/24-67297409/,UCL Road to the Knockouts,Robert Lewandowski,Lewandowski,FC Barcelona,94,"379,000","379,000",ST,https://game-assets.fut.gg/2024/rarities/50_e_0.png?quality=100&width=500,82,93,84,https://game-assets.fut.gg/2024/nations/37.png?quality=100&width=80,https://game-assets.fut.gg/2024/leagues/53.1.png?quality=100&width=80,https://game-assets.fut.gg/2024/clubs/241.png?quality=100&width=80,https://game-assets.fut.gg/2024/players/67297409.2.png?quality=100&width=500
https://www.fut.gg//players/239085-erling-haaland/24-50570733/,UCL Road to the Knockouts,Erling Haaland,Haaland,Manchester City,94,"1,455,000","1,455,000",ST,https://game-assets.fut.gg/2024/rarities/50_e_0.png?quality=100&width=500,93,96,71,https://game-assets.fut.gg/2024/nations/36.png?quality=100&width=80,https://game-assets.fut.gg/2024/leagues/13.1.png?quality=100&width=80,https://game-assets.fut.gg/2024/clubs/10.png?quality=100&width=80,https://game-assets.fut.gg/2024/players/67366398.png?quality=100&width=500
https://www.fut.gg//players/37576-ronaldo/24-37576/,Icon,Ronaldo Lu√≠s Naz√°rio de Lima,Ronaldo,Icon,94,"7,686,000","7,686,000",ST,https://game-assets.fut.gg/2024/rarities/12_e_0.png?quality=100&width=500,94,94,79,https://game-assets.fut.gg/2024/nations/54.png?quality=100&width=80,https://game-assets.fut.gg/2024/leagues/2118.png?quality=100&width=80,,https://game-assets.fut.gg/2024/players/37576.1.png?quality=100&width=500
https://www.fut.gg//players/1397-zinedine-zidane/24-1397/,Icon,Zinedine Zidane,Zidane,Icon,94,"1,727,000","1,727,000",CAM,https://game-assets.fut.gg/2024/rarities/12_e_0.png?quality=100&width=500,83,90,94,https://game-assets.fut.gg/2024/nations/18.png?quality=100&width=80,https://game-assets.fut.gg/2024/leagues/2118.png?quality=100&width=80,,https://game-assets.fut.gg/2024/players/50333045.png?quality=100&width=500
https://www.fut.gg//players/7289-rio-ferdinand/24-50338937/,TOTY ICON,Rio Ferdinand,Ferdinand,Icon,93,"5,175,000","5,175,000",CB,https://game-assets.fut.gg/2024/rarities/155_e_0.png?quality=100&width=500,87,53,70,https://game-assets.fut.gg/2024/nations/14.png?quality=100&width=80,https://game-assets.fut.gg/2024/leagues/2118.png?quality=100&width=80,,https://game-assets.fut.gg/2024/players/50338937.5.png?quality=100&width=500
https://www.fut.gg//players/238427-patrick-vieira/24-50570075/,TOTY ICON,Patrick Vieira,Vieira,Icon,93,"6,999,000","6,999,000",CM,https://game-assets.fut.gg/2024/rarities/155_e_0.png?quality=100&width=500,87,84,86,https://game-assets.fut.gg/2024/nations/18.png?quality=100&width=80,https://game-assets.fut.gg/2024/leagues/2118.png?quality=100&width=80,,https://game-assets.fut.gg/2024/players/50570075.png?quality=100&width=500
https://www.fut.gg//players/48940-petr-cech/24-50380588/,TOTY ICON,Petr ƒåech,Cech,Icon,93,"480,000","480,000",GK,https://game-assets.fut.gg/2024/rarities/155_e_0.png?quality=100&width=500,62,91,83,https://game-assets.fut.gg/2024/nations/12.png?quality=100&width=80,https://game-assets.fut.gg/2024/leagues/2118.png?quality=100&width=80,,https://game-assets.fut.gg/2024/players/50380588.png?quality=100&width=500
https://www.fut.gg//players/190871-neymar-jr/24-117631383/,FC Versus Ice,Neymar da Silva Santos Jr.,Neymar,Al Hilal,93,"3,968,000","3,968,000",LW,https://game-assets.fut.gg/2024/rarities/108_e_0.png?quality=100&width=500,91,87,90,https://game-assets.fut.gg/2024/nations/54.png?quality=100&width=80,https://game-assets.fut.gg/2024/leagues/350.png?quality=100&width=80,https://game-assets.fut.gg/2024/clubs/605.1.png?quality=100&width=80,https://game-assets.fut.gg/2024/players/117631383.png?quality=100&width=500
https://www.fut.gg//players/190871-neymar-jr/24-84076951/,FC Versus Fire,Neymar da Silva Santos Jr.,Neymar,Al Hilal,93,"5,180,000","5,180,000",ST,https://game-assets.fut.gg/2024/rarities/116_e_0.png?quality=100&width=500,89,90,89,https://game-assets.fut.gg/2024/nations/54.png?quality=100&width=80,https://game-assets.fut.gg/2024/leagues/350.png?quality=100&width=80,https://game-assets.fut.gg/2024/clubs/605.1.png?quality=100&width=80,https://game-assets.fut.gg/2024/players/84076951.png?quality=100&width=500
https://www.fut.gg//players/238380-lev-yashin/24-50570028/,Winter Wildcards ICON,Lev Yashin,Yashin,Icon,93,"1,891,000","1,891,000",CB,https://game-assets.fut.gg/2024/rarities/35_e_0.png?quality=100&width=500,85,60,70,https://game-assets.fut.gg/2024/nations/40.png?quality=100&width=80,https://game-assets.fut.gg/2024/leagues/2118.png?quality=100&width=80,,https://game-assets.fut.gg/2024/players/50570028.2.png?quality=100&width=500
https://www.fut.gg//players/231747-kylian-mbappe/24-100895043/,UEFA EUROPA LEAGUE TEAM OF THE TOURNAMENT,Kylian Mbapp√©,Mbappe,Paris SG,93,"6,644,000","6,644,000",LW,https://game-assets.fut.gg/2024/rarities/68_e_0.png?quality=100&width=500,98,92,84,https://game-assets.fut.gg/2024/nations/18.png?quality=100&width=80,https://game-assets.fut.gg/2024/leagues/16.png?quality=100&width=80,https://game-assets.fut.gg/2024/clubs/73.png?quality=100&width=80,https://game-assets.fut.gg/2024/players/100895043.1.png?quality=100&width=500
https://www.fut.gg//players/238439-paolo-maldini/24-50570087/,Ultimate Dynasties ICON,Paolo Maldini,Maldini,Icon,93,"2,549,000","2,549,000",CB,https://game-assets.fut.gg/2024/rarities/85_e_0.png?quality=100&width=500,87,56,76,https://game-assets.fut.gg/2024/nations/27.png?quality=100&width=80,https://game-assets.fut.gg/2024/leagues/2118.png?quality=100&width=80,,https://game-assets.fut.gg/2024/players/50570087.png?quality=100&width=500
https://www.fut.gg//players/1625-thierry-henry/24-50333273/,Thunderstruck ICON,Thierry Henry,Henry,Icon,93,"3,250,000","3,250,000",ST,https://game-assets.fut.gg/2024/rarities/157_e_0.png?quality=100&width=500,95,92,85,https://game-assets.fut.gg/2024/nations/18.png?quality=100&width=80,https://game-assets.fut.gg/2024/leagues/2118.png?quality=100&width=80,,https://game-assets.fut.gg/2024/players/50333273.2.png?quality=100&width=500
https://www.fut.gg//players/177003-luka-modric/24-50508651/,UCL Road to the Knockouts,Luka Modriƒá,Modric,Real Madrid,93,"253,000","253,000",CM,https://game-assets.fut.gg/2024/rarities/50_e_0.png?quality=100&width=500,82,84,94,https://game-assets.fut.gg/2024/nations/10.png?quality=100&width=80,https://game-assets.fut.gg/2024/leagues/53.1.png?quality=100&width=80,https://game-assets.fut.gg/2024/clubs/243.png?quality=100&width=80,https://game-assets.fut.gg/2024/players/50508651.2.png?quality=100&width=500
https://www.fut.gg//players/190045-johan-cruyff/24-190045/,Icon,Johan Cruyff,Cruyff,Icon,93,"2,756,000","2,756,000",CF,https://game-assets.fut.gg/2024/rarities/12_e_0.png?quality=100&width=500,90,91,90,https://game-assets.fut.gg/2024/nations/34.png?quality=100&width=80,https://game-assets.fut.gg/2024/leagues/2118.png?quality=100&width=80,,https://game-assets.fut.gg/2024/players/190045.1.png?quality=100&width=500
https://www.fut.gg//players/28130-ronaldinho/24-28130/,Icon,Ronaldo de Assis Moreira,Ronaldo,Icon,93,"4,392,000","4,392,000",LW,https://game-assets.fut.gg/2024/rarities/12_e_0.png?quality=100&width=500,91,89,90,https://game-assets.fut.gg/2024/nations/54.png?quality=100&width=80,https://game-assets.fut.gg/2024/leagues/2118.png?quality=100&width=80,,https://game-assets.fut.gg/2024/players/28130.1.png?quality=100&width=500
https://www.fut.gg//players/275243-mia-hamm/24-275243/,Icon,Mia Hamm,Hamm,Icon,93,"3,789,000","3,789,000",ST,https://game-assets.fut.gg/2024/rarities/12_e_0.png?quality=100&width=500,92,93,86,https://game-assets.fut.gg/2024/nations/95.png?quality=100&width=80,https://game-assets.fut.gg/2024/leagues/2118.png?quality=100&width=80,,https://game-assets.fut.gg/2024/players/275243.2.png?quality=100&width=500
https://www.fut.gg//players/237071-roberto-carlos/24-50568719/,Future Stars ICON,Roberto Carlos da Silva Rocha,Carlos,Icon,92,"2,560,000","2,560,000",LB,https://game-assets.fut.gg/2024/rarities/170_e_0.png?quality=100&width=500,93,86,85,https://game-assets.fut.gg/2024/nations/54.png?quality=100&width=80,https://game-assets.fut.gg/2024/leagues/2118.png?quality=100&width=80,,https://game-assets.fut.gg/2024/players/50568719.png?quality=100&width=500
https://www.fut.gg//players/238794-vinicius-jr/24-84124874/,TOTY HONOURABLE MENTIONS,Vin√≠cius Jos√© de Oliveira J√∫nior,Vinicius,Real Madrid,92,"2,899,000","2,899,000",ST,https://game-assets.fut.gg/2024/rarities/64_e_0.png?quality=100&width=500,98,86,82,https://game-assets.fut.gg/2024/nations/54.png?quality=100&width=80,https://game-assets.fut.gg/2024/leagues/53.1.png?quality=100&width=80,https://game-assets.fut.gg/2024/clubs/243.png?quality=100&width=80,https://game-assets.fut.gg/2024/players/84124874.png?quality=100&width=500
https://www.fut.gg//players/209331-mohamed-salah/24-151204275/,TOTY HONOURABLE MENTIONS,Mohamed Salah,Salah,Liverpool,92,"1,193,000","1,193,000",RW,https://game-assets.fut.gg/2024/rarities/64_e_0.png?quality=100&width=500,92,91,86,https://game-assets.fut.gg/2024/nations/111.png?quality=100&width=80,https://game-assets.fut.gg/2024/leagues/13.1.png?quality=100&width=80,https://game-assets.fut.gg/2024/clubs/9.png?quality=100&width=80,https://game-assets.fut.gg/2024/players/151204275.png?quality=100&width=500
https://www.fut.gg//players/227361-kadidiatou-diani/24-84113441/,TOTY HONOURABLE MENTIONS,Kadidiatou Diani,Diani,OL,92,"429,000","429,000",RW,https://game-assets.fut.gg/2024/rarities/64_e_0.png?quality=100&width=500,92,88,87,https://game-assets.fut.gg/2024/nations/18.png?quality=100&width=80,https://game-assets.fut.gg/2024/leagues/2218.png?quality=100&width=80,https://game-assets.fut.gg/2024/clubs/116033.png?quality=100&width=80,https://game-assets.fut.gg/2024/players/84113441.png?quality=100&width=500
https://www.fut.gg//players/121939-philipp-lahm/24-50453587/,TOTY ICON,Philipp Lahm,Lahm,Icon,92,"1,222,000","1,222,000",RB,https://game-assets.fut.gg/2024/rarities/155_e_0.png?quality=100&width=500,91,72,87,https://game-assets.fut.gg/2024/nations/21.png?quality=100&width=80,https://game-assets.fut.gg/2024/leagues/2118.png?quality=100&width=80,,https://game-assets.fut.gg/2024/players/50453587.3.png?quality=100&width=500
https://www.fut.gg//players/156616-franck-ribery/24-50488264/,TOTY ICON,Franck Rib√©ry,Ribery,Icon,92,"2,748,000","2,748,000",LW,https://game-assets.fut.gg/2024/rarities/155_e_0.png?quality=100&width=500,92,90,90,https://game-assets.fut.gg/2024/nations/18.png?quality=100&width=80,https://game-assets.fut.gg/2024/leagues/2118.png?quality=100&width=80,,https://game-assets.fut.gg/2024/players/50453587.3.png?quality=100&width=500
https://www.fut.gg//players/1025-rui-costa/24-50332673/,UEFA Heroes (Mens),Rui Manuel C√©sar Costa,Rui Costa,Portugal,89,"63,000","63,000",CAM,https://game-assets.fut.gg/2024/rarities/171_e_0.png?quality=100&width=500,85,82,89,https://game-assets.fut.gg/2024/nations/38.png?quality=100&width=80,https://game-assets.fut.gg/2024/leagues/31.png?quality=100&width=80,,https://game-assets.fut.gg/2024/players/50332673.png?quality=100&width=500
https://www.fut.gg//players/251483-vincent-kompany/24-50583131/,UEFA Heroes (Mens),Vincent Kompany,Kompany,Belgium,89,"909,000","909,000",CB,https://game-assets.fut.gg/2024/rarities/171_e_0.png?quality=100&width=500,81,61,70,https://game-assets.fut.gg/2024/nations/7.png?quality=100&width=80,https://game-assets.fut.gg/2024/leagues/13.1.png?quality=100&width=80,,https://game-assets.fut.gg/2024/players/50583131.png?quality=100&width=500
https://www.fut.gg//players/5673-jari-litmanen/24-50337321/,UEFA Heroes (Mens),Jari Litmanen,Litmanen,Finland,89,"54,500","54,500",CAM,https://game-assets.fut.gg/2024/rarities/171_e_0.png?quality=100&width=500,84,88,85,https://game-assets.fut.gg/2024/nations/17.png?quality=100&width=80,https://game-assets.fut.gg/2024/leagues/10.png?quality=100&width=80,,https://game-assets.fut.gg/2024/players/50337321.png?quality=100&width=500
https://www.fut.gg//players/246-paul-scholes/24-50331894/,Thunderstruck ICON,Paul Scholes,Scholes,Icon,89,"80,000","80,000",CM,https://game-assets.fut.gg/2024/rarities/157_e_0.png?quality=100&width=500,76,87,90,https://game-assets.fut.gg/2024/nations/14.png?quality=100&width=80,https://game-assets.fut.gg/2024/leagues/2118.png?quality=100&width=80,,https://game-assets.fut.gg/2024/players/50331894.1.png?quality=100&width=500
https://www.fut.gg//players/45197-xabi-alonso/24-50376845/,Thunderstruck ICON,Xabier Alonso Olano,Olano,Icon,89,"95,000","95,000",CDM,https://game-assets.fut.gg/2024/rarities/157_e_0.png?quality=100&width=500,75,79,88,https://game-assets.fut.gg/2024/nations/45.png?quality=100&width=80,https://game-assets.fut.gg/2024/leagues/2118.png?quality=100&width=80,,https://game-assets.fut.gg/2024/players/50376845.2.png?quality=100&width=500
https://www.fut.gg//players/222077-manuel-locatelli/24-50553725/,FC Pro Live,Manuel Locatelli,Locatelli,Juventus,89,"152,000","152,000",CDM,https://game-assets.fut.gg/2024/rarities/34_e_0.png?quality=100&width=500,81,78,86,https://game-assets.fut.gg/2024/nations/27.png?quality=100&width=80,https://game-assets.fut.gg/2024/leagues/31.png?quality=100&width=80,https://game-assets.fut.gg/2024/clubs/45.png?quality=100&width=80,https://game-assets.fut.gg/2024/players/50553725.3.png?quality=100&width=500
https://www.fut.gg//players/204970-florian-thauvin/24-50536618/,FC Pro Live,Florian Thauvin,Thauvin,Udinese,89,"83,000","83,000",RM,https://game-assets.fut.gg/2024/rarities/34_e_0.png?quality=100&width=500,92,89,88,https://game-assets.fut.gg/2024/nations/18.png?quality=100&width=80,https://game-assets.fut.gg/2024/leagues/31.png?quality=100&width=80,https://game-assets.fut.gg/2024/clubs/55.png?quality=100&width=80,https://game-assets.fut.gg/2024/players/50536618.2.png?quality=100&width=500
https://www.fut.gg//players/34079-ashley-cole/24-67142943/,Centurions ICON,Ashley Cole,Cole,Icon,89,"785,000","785,000",LB,https://game-assets.fut.gg/2024/rarities/168_e_0.png?quality=100&width=500,90,68,83,https://game-assets.fut.gg/2024/nations/14.png?quality=100&width=80,https://game-assets.fut.gg/2024/leagues/2118.png?quality=100&width=80,,https://game-assets.fut.gg/2024/players/67142943.png?quality=100&width=500
https://www.fut.gg//players/227316-wendie-renard/24-50558964/,Team of the Week,Wendie Renard,Renard,OL,89,"62,000","62,000",CB,https://game-assets.fut.gg/2024/rarities/3_e_3.png?quality=100&width=500,70,68,70,https://game-assets.fut.gg/2024/nations/18.png?quality=100&width=80,https://game-assets.fut.gg/2024/leagues/2218.png?quality=100&width=80,https://game-assets.fut.gg/2024/clubs/116033.png?quality=100&width=80,https://game-assets.fut.gg/2024/players/50558964.png?quality=100&width=500
https://www.fut.gg//players/167680-ronald-koeman/24-50499328/,Centurions ICON,Ronald Koeman,Koeman,Icon,89,"134,000","134,000",CB,https://game-assets.fut.gg/2024/rarities/168_e_0.png?quality=100&width=500,77,87,86,https://game-assets.fut.gg/2024/nations/34.png?quality=100&width=80,https://game-assets.fut.gg/2024/leagues/2118.png?quality=100&width=80,,https://game-assets.fut.gg/2024/players/50499328.png?quality=100&width=500
https://www.fut.gg//players/237197-grace-geyoro/24-50568845/,Centurions,Grace Geyoro,Geyoro,Paris SG,89,"66,000","66,000",CM,https://game-assets.fut.gg/2024/rarities/151_e_0.png?quality=100&width=500,80,76,85,https://game-assets.fut.gg/2024/nations/18.png?quality=100&width=80,https://game-assets.fut.gg/2024/leagues/2218.png?quality=100&width=80,https://game-assets.fut.gg/2024/clubs/116034.png?quality=100&width=80,https://game-assets.fut.gg/2024/players/50568845.png?quality=100&width=500
https://www.fut.gg//players/251854-pedri/24-50583502/,Centurions,Pedro Gonz√°lez L√≥pez,Lopez,FC Barcelona,89,"90,500","90,500",CM,https://game-assets.fut.gg/2024/rarities/151_e_0.png?quality=100&width=500,82,73,85,https://game-assets.fut.gg/2024/nations/45.png?quality=100&width=80,https://game-assets.fut.gg/2024/leagues/53.1.png?quality=100&width=80,https://game-assets.fut.gg/2024/clubs/241.png?quality=100&width=80,https://game-assets.fut.gg/2024/players/50583502.png?quality=100&width=500
https://www.fut.gg//players/212198-bruno-fernandes/24-67321062/,Team of the Week,Bruno Miguel Borges Fernandes,Bruno Fernandes,Manchester Utd,89,"68,000","68,000",CAM,https://game-assets.fut.gg/2024/rarities/3_e_3.png?quality=100&width=500,73,87,91,https://game-assets.fut.gg/2024/nations/38.png?quality=100&width=80,https://game-assets.fut.gg/2024/leagues/13.1.png?quality=100&width=80,https://game-assets.fut.gg/2024/clubs/11.png?quality=100&width=80,https://game-assets.fut.gg/2024/players/67321062.png?quality=100&width=500
https://www.fut.gg//players/194765-antoine-griezmann/24-50526413/,Trailblazers,Antoine Griezmann,Griezmann,Atl√©tico de Madrid,89,"237,000","237,000",ST,https://game-assets.fut.gg/2024/rarities/22_e_0.png?quality=100&width=500,82,90,88,https://game-assets.fut.gg/2024/nations/18.png?quality=100&width=80,https://game-assets.fut.gg/2024/leagues/53.1.png?quality=100&width=80,https://game-assets.fut.gg/2024/clubs/240.png?quality=100&width=80,https://game-assets.fut.gg/2024/players/50526413.png?quality=100&width=500
https://www.fut.gg//players/239053-federico-valverde/24-50570701/,Team of the Week,Federico Valverde,Valverde,Real Madrid,89,"267,000","267,000",CM,https://game-assets.fut.gg/2024/rarities/3_e_3.png?quality=100&width=500,89,82,86,https://game-assets.fut.gg/2024/nations/60.png?quality=100&width=80,https://game-assets.fut.gg/2024/leagues/53.1.png?quality=100&width=80,https://game-assets.fut.gg/2024/clubs/243.png?quality=100&width=80,https://game-assets.fut.gg/2024/players/50570701.png?quality=100&width=500
https://www.fut.gg//players/192318-mario-gotze/24-50523966/,UECL Road to the Knockouts,Mario G√∂tze,Goetze,Frankfurt,89,"37,000","37,000",CAM,https://game-assets.fut.gg/2024/rarities/105_e_0.png?quality=100&width=500,83,83,90,https://game-assets.fut.gg/2024/nations/21.png?quality=100&width=80,https://game-assets.fut.gg/2024/leagues/19.png?quality=100&width=80,https://game-assets.fut.gg/2024/clubs/1824.png?quality=100&width=80,https://game-assets.fut.gg/2024/players/50523966.1.png?quality=100&width=500
https://www.fut.gg//players/203376-virgil-van-dijk/24-50535024/,Nike,Virgil van Dijk,van Dijk,Liverpool,89,"260,000","260,000",CB,https://game-assets.fut.gg/2024/rarities/182_e_0.png?quality=100&width=500,78,60,71,https://game-assets.fut.gg/2024/nations/34.png?quality=100&width=80,https://game-assets.fut.gg/2024/leagues/13.1.png?quality=100&width=80,https://game-assets.fut.gg/2024/clubs/9.png?quality=100&width=80,https://game-assets.fut.gg/2024/players/50535024.png?quality=100&width=500
https://www.fut.gg//players/167425-abedi-pele/24-167425/,UT Heroes,Abedi Ayew,Ayew,Ghana,89,"107,000","107,000",CAM,https://game-assets.fut.gg/2024/rarities/72_e_0.png?quality=100&width=500,91,83,87,https://game-assets.fut.gg/2024/nations/117.png?quality=100&width=80,https://game-assets.fut.gg/2024/leagues/16.png?quality=100&width=80,,https://game-assets.fut.gg/2024/players/167425.1.png?quality=100&width=500
https://www.fut.gg//players/266690-lucio/24-266690/,UT Heroes,Lucimar da Silva Ferreira,Ferreira,Brazil,89,"645,000","645,000",CB,https://game-assets.fut.gg/2024/rarities/72_e_0.png?quality=100&width=500,82,72,74,https://game-assets.fut.gg/2024/nations/54.png?quality=100&width=80,https://game-assets.fut.gg/2024/leagues/31.png?quality=100&width=80,,https://game-assets.fut.gg/2024/players/266690.1.png?quality=100&width=500
https://www.fut.gg//players/166676-rudi-voller/24-166676/,UT Heroes,Rudi V√∂ller,Voller,Germany,89,"82,000","82,000",ST,https://game-assets.fut.gg/2024/rarities/72_e_0.png?quality=100&width=500,89,90,76,https://game-assets.fut.gg/2024/nations/21.png?quality=100&width=80,https://game-assets.fut.gg/2024/leagues/19.png?quality=100&width=80,,https://game-assets.fut.gg/2024/players/166676.1.png?quality=100&width=500
https://www.fut.gg//players/191972-david-ginola/24-191972/,UT Heroes,David Ginola,Ginola,France,89,"1,149,000","1,149,000",LM,https://game-assets.fut.gg/2024/rarities/72_e_0.png?quality=100&width=500,90,88,87,https://game-assets.fut.gg/2024/nations/18.png?quality=100&width=80,https://game-assets.fut.gg/2024/leagues/16.png?quality=100&width=80,,https://game-assets.fut.gg/2024/players/191972.1.png?quality=100&width=500
https://www.fut.gg//players/261593-jurgen-kohler/24-261593/,UT Heroes,J√ºrgen Kohler,Kohler,Germany,89,"39,000","39,000",CB,https://game-assets.fut.gg/2024/rarities/72_e_0.png?quality=100&width=500,71,51,63,https://game-assets.fut.gg/2024/nations/21.png?quality=100&width=80,https://game-assets.fut.gg/2024/leagues/19.png?quality=100&width=80,,https://game-assets.fut.gg/2024/players/261593.1.png?quality=100&width=500
https://www.fut.gg//players/167134-jean-pierre-papin/24-167134/,UT Heroes,Jean-Pierre Papin,Papin,France,89,"40,250","40,250",ST,https://game-assets.fut.gg/2024/rarities/72_e_0.png?quality=100&width=500,83,93,73,https://game-assets.fut.gg/2024/nations/18.png?quality=100&width=80,https://game-assets.fut.gg/2024/leagues/16.png?quality=100&width=80,,https://game-assets.fut.gg/2024/players/167134.1.png?quality=100&width=500
https://www.fut.gg//players/268513-jairzinho/24-268513/,Icon,Jair Ventura Filho,Filho,Icon,89,"1,220,000","1,220,000",RW,https://game-assets.fut.gg/2024/rarities/12_e_0.png?quality=100&width=500,91,89,84,https://game-assets.fut.gg/2024/nations/54.png?quality=100&width=80,https://game-assets.fut.gg/2024/leagues/2118.png?quality=100&width=80,,https://game-assets.fut.gg/2024/players/268513.1.png?quality=100&width=500
https://www.fut.gg//players/238428-peter-schmeichel/24-238428/,Icon,Peter Schmeichel,Schmeichel,Icon,89,"220,000","220,000",GK,https://game-assets.fut.gg/2024/rarities/12_e_0.png?quality=100&width=500,46,89,86,https://game-assets.fut.gg/2024/nations/13.png?quality=100&width=80,https://game-assets.fut.gg/2024/leagues/2118.png?quality=100&width=80,,https://game-assets.fut.gg/2024/players/238428.2.png?quality=100&width=500
https://www.fut.gg//players/238384-carles-puyol/24-238384/,Icon,Carles Puyol Saforcada,Puyol,Icon,89,"112,000","112,000",CB,https://game-assets.fut.gg/2024/rarities/12_e_0.png?quality=100&width=500,72,46,66,https://game-assets.fut.gg/2024/nations/45.png?quality=100&width=80,https://game-assets.fut.gg/2024/leagues/2118.png?quality=100&width=80,,https://game-assets.fut.gg/2024/players/238384.1.png?quality=100&width=500
https://www.fut.gg//players/214267-gary-lineker/24-214267/,Icon,Gary Lineker,Lineker,Icon,89,"67,500","67,500",ST,https://game-assets.fut.gg/2024/rarities/12_e_0.png?quality=100&width=500,86,89,71,https://game-assets.fut.gg/2024/nations/14.png?quality=100&width=80,https://game-assets.fut.gg/2024/leagues/2118.png?quality=100&width=80,,https://game-assets.fut.gg/2024/players/214267.1.png?quality=100&width=500
https://www.fut.gg//players/190046-socrates/24-190046/,Icon,S√≥crates Vieira de Oliveira,Socrates,Icon,89,"125,000","125,000",CAM,https://game-assets.fut.gg/2024/rarities/12_e_0.png?quality=100&width=500,82,88,89,https://game-assets.fut.gg/2024/nations/54.png?quality=100&width=80,https://game-assets.fut.gg/2024/leagues/2118.png?quality=100&width=80,,https://game-assets.fut.gg/2024/players/190046.1.png?quality=100&width=500
https://www.fut.gg//players/167198-eric-cantona/24-167198/,Icon,Eric Cantona,Cantona,Icon,89,"386,000","386,000",CF,https://game-assets.fut.gg/2024/rarities/12_e_0.png?quality=100&width=500,86,89,86,https://game-assets.fut.gg/2024/nations/18.png?quality=100&width=80,https://game-assets.fut.gg/2024/leagues/2118.png?quality=100&width=80,,https://game-assets.fut.gg/2024/players/167198.1.png?quality=100&width=500
https://www.fut.gg//players/166149-hugo-sanchez/24-166149/,Icon,Hugo S√°nchez,Sanchez,Icon,89,"80,000","80,000",ST,https://game-assets.fut.gg/2024/rarities/12_e_0.png?quality=100&width=500,89,90,78,https://game-assets.fut.gg/2024/nations/83.png?quality=100&width=80,https://game-assets.fut.gg/2024/leagues/2118.png?quality=100&width=80,,https://game-assets.fut.gg/2024/players/166149.1.png?quality=100&width=500
https://www.fut.gg//players/138449-kaka/24-138449/,Icon,Ricardo Izecson dos Santos Leite,Ricardo,Icon,89,"345,000","345,000",CAM,https://game-assets.fut.gg/2024/rarities/12_e_0.png?quality=100&width=500,89,84,86,https://game-assets.fut.gg/2024/nations/54.png?quality=100&width=80,https://game-assets.fut.gg/2024/leagues/2118.png?quality=100&width=80,,https://game-assets.fut.gg/2024/players/138449.1.png?quality=100&width=500
https://www.fut.gg//players/121939-philipp-lahm/24-121939/,Icon,Philipp Lahm,Lahm,Icon,89,"170,000","170,000",RB,https://game-assets.fut.gg/2024/rarities/12_e_0.png?quality=100&width=500,84,68,83,https://game-assets.fut.gg/2024/nations/21.png?quality=100&width=80,https://game-assets.fut.gg/2024/leagues/2118.png?quality=100&width=80,,https://game-assets.fut.gg/2024/players/121939.1.png?quality=100&width=500
https://www.fut.gg//players/4833-hristo-stoichkov/24-4833/,Icon,Hristo Stoichkov,Stoichkov,Icon,89,"296,000","296,000",ST,https://game-assets.fut.gg/2024/rarities/12_e_0.png?quality=100&width=500,90,91,84,https://game-assets.fut.gg/2024/nations/9.png?quality=100&width=80,https://game-assets.fut.gg/2024/leagues/2118.png?quality=100&width=80,,https://game-assets.fut.gg/2024/players/4833.1.png?quality=100&width=500
https://www.fut.gg//players/1183-fabio-cannavaro/24-1183/,Icon,Fabio Cannavaro,Cannavaro,Icon,89,"195,000","195,000",CB,https://game-assets.fut.gg/2024/rarities/12_e_0.png?quality=100&width=500,80,44,62,https://game-assets.fut.gg/2024/nations/27.png?quality=100&width=80,https://game-assets.fut.gg/2024/leagues/2118.png?quality=100&width=80,,https://game-assets.fut.gg/2024/players/1183.1.png?quality=100&width=500
https://www.fut.gg//players/1088-alessandro-nesta/24-1088/,Icon,Alessandro Nesta,Nesta,Icon,89,"169,000","169,000",CB,https://game-assets.fut.gg/2024/rarities/12_e_0.png?quality=100&width=500,76,44,63,https://game-assets.fut.gg/2024/nations/27.png?quality=100&width=80,https://game-assets.fut.gg/2024/leagues/2118.png?quality=100&width=80,,https://game-assets.fut.gg/2024/players/1088.1.png?quality=100&width=500
https://www.fut.gg//players/1041-javier-zanetti/24-1041/,Icon,Javier Zanetti,Zanetti,Icon,89,"120,000","120,000",RB,https://game-assets.fut.gg/2024/rarities/12_e_0.png?quality=100&width=500,83,60,84,https://game-assets.fut.gg/2024/nations/52.png?quality=100&width=80,https://game-assets.fut.gg/2024/leagues/2118.png?quality=100&width=80,,https://game-assets.fut.gg/2024/players/1041.1.png?quality=100&width=500
https://www.fut.gg//players/51-alan-shearer/24-51/,Icon,Alan Shearer,Shearer,Icon,89,"73,000","73,000",ST,https://game-assets.fut.gg/2024/rarities/12_e_0.png?quality=100&width=500,82,91,76,https://game-assets.fut.gg/2024/nations/14.png?quality=100&width=80,https://game-assets.fut.gg/2024/leagues/2118.png?quality=100&width=80,,https://game-assets.fut.gg/2024/players/51.1.png?quality=100&width=500
https://www.fut.gg//players/233700-gianluca-vialli/24-233700/,UT Heroes,Gianluca Vialli,Vialli,Italy,89,"34,750","34,750",ST,https://game-assets.fut.gg/2024/rarities/72_e_0.png?quality=100&width=500,86,89,72,https://game-assets.fut.gg/2024/nations/27.png?quality=100&width=80,https://game-assets.fut.gg/2024/leagues/31.png?quality=100&width=80,,https://game-assets.fut.gg/2024/players/233700.3.png?quality=100&width=500
https://www.fut.gg//players/212831-alisson/24-212831/,Rare,Alisson Ramses Becker,Alisson,Liverpool,89,"35,000","35,000",GK,https://game-assets.fut.gg/2024/rarities/1_e_3.png?quality=100&width=500,55,86,85,https://game-assets.fut.gg/2024/nations/54.png?quality=100&width=80,https://game-assets.fut.gg/2024/leagues/13.1.png?quality=100&width=80,https://game-assets.fut.gg/2024/clubs/9.png?quality=100&width=80,https://game-assets.fut.gg/2024/players/212831.3.png?quality=100&width=500
https://www.fut.gg//players/231866-rodri/24-231866/,Rare,Rodrigo Hern√°ndez Cascante,Rodri,Manchester City,89,"34,750","34,750",CDM,https://game-assets.fut.gg/2024/rarities/1_e_3.png?quality=100&width=500,58,73,80,https://game-assets.fut.gg/2024/nations/45.png?quality=100&width=80,https://game-assets.fut.gg/2024/leagues/13.1.png?quality=100&width=80,https://game-assets.fut.gg/2024/clubs/10.png?quality=100&width=80,https://game-assets.fut.gg/2024/players/231866.2.png?quality=100&width=500
https://www.fut.gg//players/239818-ruben-dias/24-239818/,Rare,R√∫ben Santos Gato Alves Dias,Dias,Manchester City,89,"34,500","34,500",CB,https://game-assets.fut.gg/2024/rarities/1_e_3.png?quality=100&width=500,62,39,66,https://game-assets.fut.gg/2024/nations/38.png?quality=100&width=80,https://game-assets.fut.gg/2024/leagues/13.1.png?quality=100&width=80,https://game-assets.fut.gg/2024/clubs/10.png?quality=100&width=80,https://game-assets.fut.gg/2024/players/239818.2.png?quality=100&width=500
https://www.fut.gg//players/227310-ada-martine-stolsmo-hegerberg/24-227310/,Rare,Ada Martine Stolsmo Hegerberg,Hegerberg,OL,89,"35,000","35,000",ST,https://game-assets.fut.gg/2024/rarities/1_e_3.png?quality=100&width=500,75,89,77,https://game-assets.fut.gg/2024/nations/36.png?quality=100&width=80,https://game-assets.fut.gg/2024/leagues/2218.png?quality=100&width=80,https://game-assets.fut.gg/2024/clubs/116033.png?quality=100&width=80,https://game-assets.fut.gg/2024/players/227310.1.png?quality=100&width=500
https://www.fut.gg//players/238794-vinicius-jr/24-238794/,Rare,Vin√≠cius Jos√© de Oliveira J√∫nior,Vinicius,Real Madrid,89,"257,000","257,000",LW,https://game-assets.fut.gg/2024/rarities/1_e_3.png?quality=100&width=500,95,82,78,https://game-assets.fut.gg/2024/nations/54.png?quality=100&width=80,https://game-assets.fut.gg/2024/leagues/53.1.png?quality=100&width=80,https://game-assets.fut.gg/2024/clubs/243.png?quality=100&width=80,https://game-assets.fut.gg/2024/players/238794.3.png?quality=100&width=500
https://www.fut.gg//players/203376-virgil-van-dijk/24-203376/,Rare,Virgil van Dijk,Van Dijk,Liverpool,89,"64,000","64,000",CB,https://game-assets.fut.gg/2024/rarities/1_e_3.png?quality=100&width=500,78,60,71,https://game-assets.fut.gg/2024/nations/34.png?quality=100&width=80,https://game-assets.fut.gg/2024/leagues/13.1.png?quality=100&width=80,https://game-assets.fut.gg/2024/clubs/9.png?quality=100&width=80,https://game-assets.fut.gg/2024/players/203376.1.png?quality=100&width=500
https://www.fut.gg//players/209331-mohamed-salah/24-209331/,Rare,Mohamed Salah,Salah,Liverpool,89,"35,000","35,000",RW,https://game-assets.fut.gg/2024/rarities/1_e_3.png?quality=100&width=500,89,87,81,https://game-assets.fut.gg/2024/nations/111.png?quality=100&width=80,https://game-assets.fut.gg/2024/leagues/13.1.png?quality=100&width=80,https://game-assets.fut.gg/2024/clubs/9.png?quality=100&width=80,https://game-assets.fut.gg/2024/players/209331.2.png?quality=100&width=500
https://www.fut.gg//players/190871-neymar-jr/24-190871/,Rare,Neymar da Silva Santos Jr.,Neymar,Al Hilal,89,"35,500","35,500",LW,https://game-assets.fut.gg/2024/rarities/1_e_3.png?quality=100&width=500,86,83,85,https://game-assets.fut.gg/2024/nations/54.png?quality=100&width=80,https://game-assets.fut.gg/2024/leagues/350.png?quality=100&width=80,https://game-assets.fut.gg/2024/clubs/605.1.png?quality=100&width=80,https://game-assets.fut.gg/2024/players/190871.2.png?quality=100&width=500
https://www.fut.gg//players/266928-trinity-rodman/24-67375792/,Future Stars,Trinity Rodman,Rodman,Washington Spirit W,88,"1,135,000","1,135,000",RW,https://game-assets.fut.gg/2024/rarities/71_e_0.png?quality=100&width=500,96,86,83,https://game-assets.fut.gg/2024/nations/95.png?quality=100&width=80,https://game-assets.fut.gg/2024/leagues/2221.png?quality=100&width=80,https://game-assets.fut.gg/2024/clubs/116304.png?quality=100&width=80,https://game-assets.fut.gg/2024/players/67375792.1.png?quality=100&width=500
https://www.fut.gg//players/262138-castello-lukeba/24-50593786/,Future Stars,Castello Lukeba,Lukeba,RB Leipzig,88,"225,000","225,000",CB,https://game-assets.fut.gg/2024/rarities/71_e_0.png?quality=100&width=500,86,56,82,https://game-assets.fut.gg/2024/nations/18.png?quality=100&width=80,https://game-assets.fut.gg/2024/leagues/19.png?quality=100&width=80,https://game-assets.fut.gg/2024/clubs/112172.png?quality=100&width=80,https://game-assets.fut.gg/2024/players/50593786.1.png?quality=100&width=500
https://www.fut.gg//players/247635-khvicha-kvaratskhelia/24-100910931/,Team of the Week,Khvicha Kvaratskhelia,Kvaratskhelia,Napoli FC,88,"38,250","38,250",LW,https://game-assets.fut.gg/2024/rarities/3_e_3.png?quality=100&width=500,88,84,83,https://game-assets.fut.gg/2024/nations/20.png?quality=100&width=80,https://game-assets.fut.gg/2024/leagues/31.png?quality=100&width=80,https://game-assets.fut.gg/2024/clubs/116365.1.png?quality=100&width=80,https://game-assets.fut.gg/2024/players/100910931.png?quality=100&width=500
https://www.fut.gg//players/237692-phil-foden/24-84123772/,Team of the Week,Phil Foden,Foden,Manchester City,88,"37,000","37,000",LM,https://game-assets.fut.gg/2024/rarities/3_e_3.png?quality=100&width=500,87,84,88,https://game-assets.fut.gg/2024/nations/14.png?quality=100&width=80,https://game-assets.fut.gg/2024/leagues/13.1.png?quality=100&width=80,https://game-assets.fut.gg/2024/clubs/10.png?quality=100&width=80,https://game-assets.fut.gg/2024/players/84123772.png?quality=100&width=500